,City,Country,Lat,Lng,Max Temp,Humidity,Cloudiness,Wind Speed,Current Description
0,Chokurdakh,RU,70.6333,147.9167,16.34,90,100,8.25,overcast clouds
1,Hermanus,ZA,-34.4187,19.2345,57.65,73,0,6.87,clear sky
2,Punta Arenas,CL,-53.15,-70.9167,33.91,60,20,13.8,few clouds
3,Auki,SB,-8.7676,160.7034,84.15,71,40,3.15,scattered clouds
4,Klaksvik,FO,62.2266,-6.589,41.92,70,99,4.05,overcast clouds
5,Bayir,TR,37.2687,28.2167,46.92,60,0,3.29,clear sky
6,Bluff,NZ,-46.6,168.3333,55.8,67,96,6.53,overcast clouds
7,Ous,RU,60.9058,61.5186,42.66,88,100,4.52,overcast clouds
8,Mataura,NZ,-46.1927,168.8643,55.47,64,78,2.86,broken clouds
9,Charters Towers,AU,-20.1,146.2667,82.36,55,43,11.83,scattered clouds
10,Pevek,RU,69.7008,170.3133,35.1,79,100,16.06,overcast clouds
11,Kapaa,US,22.0752,-159.319,80.58,84,40,12.66,scattered clouds
12,Hilton Head Island,US,32.2163,-80.7526,67.98,80,0,1.01,clear sky
13,Ushuaia,AR,-54.8,-68.3,33.46,75,75,20.71,broken clouds
14,Georgetown,MY,5.4112,100.3354,89.53,78,20,3.44,few clouds
15,Iwaki,JP,37.05,140.8833,63.77,34,100,3.0,overcast clouds
16,Assiniboia,CA,49.6334,-105.9845,48.02,49,62,16.11,broken clouds
17,Grindavik,IS,63.8424,-22.4338,43.27,87,75,2.3,broken clouds
18,Hofn,IS,64.2539,-15.2082,42.51,81,100,1.88,overcast clouds
19,Kiama,AU,-34.6833,150.8667,72.37,88,51,8.99,light rain
20,Busselton,AU,-33.65,115.3333,62.69,60,80,13.94,broken clouds
21,Huarmey,PE,-10.0681,-78.1522,67.12,87,100,8.25,overcast clouds
22,Jamestown,US,42.097,-79.2353,31.59,83,100,11.5,overcast clouds
23,East London,ZA,-33.0153,27.9116,58.46,70,0,6.26,clear sky
24,Cockburn Town,TC,21.4612,-71.1419,75.31,61,4,15.88,clear sky
25,Lethem,GY,3.3803,-59.7968,79.99,73,100,3.18,overcast clouds
26,Hilo,US,19.7297,-155.09,80.28,84,100,9.22,overcast clouds
27,Kharovsk,RU,59.9642,40.1912,22.89,83,43,2.08,scattered clouds
28,Khromtau,KZ,50.2503,58.4347,56.1,56,100,9.91,overcast clouds
29,Bredasdorp,ZA,-34.5322,20.0403,54.21,90,1,0.81,clear sky
30,Margate,GB,51.3813,1.3862,46.69,74,61,4.0,broken clouds
31,Ballina,AU,-28.8667,153.5667,78.78,75,75,13.8,broken clouds
32,Carnarvon,AU,-24.8667,113.6333,73.47,60,24,12.66,few clouds
33,Barra Patuca,HN,15.8,-84.2833,76.62,86,59,6.87,broken clouds
34,Bone,DE,51.9669,12.1396,44.82,87,15,4.36,few clouds
35,Stephenville,US,32.2207,-98.2023,68.25,75,0,8.05,clear sky
36,Mar Del Plata,AR,-38.0023,-57.5575,57.87,53,0,8.05,clear sky
37,Vaini,TO,-21.2,-175.2,80.76,57,40,10.36,scattered clouds
38,Mount Isa,AU,-20.7333,139.5,89.37,43,40,8.05,scattered clouds
39,Katsuura,JP,35.1333,140.3,61.65,60,100,18.48,light rain
40,Yellowknife,CA,62.456,-114.3525,48.72,43,75,10.36,broken clouds
41,Suntar,RU,62.1444,117.6319,35.44,53,93,4.81,overcast clouds
42,Rikitea,PF,-23.1203,-134.9692,77.54,65,0,21.23,clear sky
43,Barrow,US,71.2906,-156.7887,8.62,78,100,17.27,light snow
44,Bilibino,RU,68.0546,166.4372,32.7,94,76,2.98,broken clouds
45,Baculin,PH,7.4525,126.5842,82.92,73,98,4.18,overcast clouds
46,Alofi,NU,-19.0595,-169.9187,82.29,74,75,16.11,broken clouds
47,Ulladulla,AU,-35.35,150.4667,70.77,70,66,7.34,light rain
48,Road Town,VG,18.4167,-64.6167,75.29,60,40,8.05,scattered clouds
49,Victoria,HK,22.2855,114.1577,88.97,82,21,11.01,few clouds
50,Albany,US,42.6001,-73.9662,39.16,63,17,1.99,few clouds
51,Kodiak,US,57.79,-152.4072,45.91,76,0,6.91,clear sky
52,Castro,BR,-24.7911,-50.0119,62.96,88,100,3.89,overcast clouds
53,Port Alfred,ZA,-33.5906,26.891,60.48,66,0,7.27,clear sky
54,Mehamn,NO,71.0357,27.8492,22.95,63,75,29.93,broken clouds
55,Lagoa,PT,39.05,-27.9833,62.47,94,100,32.5,light rain
56,Tiksi,RU,71.6872,128.8694,10.67,87,84,1.77,broken clouds
57,Chuy,UY,-33.6971,-53.4616,57.02,90,0,4.45,clear sky
58,Shellbrook,CA,53.2168,-106.4011,42.03,82,79,4.18,broken clouds
59,Tasiilaq,GL,65.6145,-37.6368,32.16,84,85,6.44,overcast clouds
60,Campbell River,CA,50.0163,-125.2446,48.58,61,75,5.75,broken clouds
61,Arraial Do Cabo,BR,-22.9661,-42.0278,75.58,86,0,21.72,clear sky
62,Qaanaaq,GL,77.484,-69.3632,13.14,65,67,7.96,broken clouds
63,Hobart,AU,-42.8794,147.3294,69.26,80,40,5.75,scattered clouds
64,Arman,RU,59.7,150.1667,37.02,56,100,18.68,overcast clouds
65,Coquimbo,CL,-29.9533,-71.3436,60.53,77,0,10.36,clear sky
66,Lavrentiya,RU,65.5833,-171.0,28.26,84,6,5.1,clear sky
67,Nikolskoye,RU,59.7035,30.7861,32.88,70,46,4.29,scattered clouds
68,Nhulunbuy,AU,-12.2333,136.7667,88.41,66,75,12.66,broken clouds
69,Chapais,CA,49.7834,-74.8492,26.38,83,8,11.83,clear sky
70,Port Elizabeth,ZA,-33.918,25.5701,52.09,93,0,2.3,clear sky
71,Goundam,ML,16.4145,-3.6708,77.07,18,1,8.86,clear sky
72,Karoi,ZW,-16.8099,29.6925,57.96,95,100,5.37,overcast clouds
73,Kailua,US,21.4022,-157.7394,82.38,76,100,10.36,overcast clouds
74,Lebu,CL,-37.6167,-73.65,49.33,75,24,0.67,few clouds
75,Aitape,PG,-3.1374,142.3475,87.01,65,88,7.54,overcast clouds
76,Bilma,NE,18.6853,12.9164,83.93,12,0,8.46,clear sky
77,Ponta Do Sol,PT,32.6667,-17.1,61.43,74,59,6.26,broken clouds
78,Chlorakas,CY,34.8042,32.4083,54.55,71,2,6.91,clear sky
79,Agirish,RU,61.9247,63.0231,41.86,80,67,1.9,broken clouds
80,Cape Town,ZA,-33.9258,18.4232,59.92,87,75,11.5,broken clouds
81,Avarua,CK,-21.2078,-159.775,82.45,83,20,9.22,few clouds
82,San Policarpo,PH,12.1791,125.5072,82.62,83,97,11.88,overcast clouds
83,Wilson,US,36.1501,-86.2833,58.55,79,0,4.61,clear sky
84,Los Llanos De Aridane,ES,28.6585,-17.9182,58.75,84,0,10.36,clear sky
85,Longyearbyen,SJ,78.2186,15.6401,3.04,55,75,10.36,broken clouds
86,Tuktoyaktuk,CA,69.4541,-133.0374,10.4,85,100,4.61,light snow
87,Severo-Kurilsk,RU,50.6789,156.125,32.94,87,83,22.97,broken clouds
88,Hamina,FI,60.5697,27.1979,27.68,81,78,7.27,broken clouds
89,Thompson,CA,55.7435,-97.8558,39.36,30,40,5.75,scattered clouds
90,Thinadhoo,MV,0.5333,72.9333,83.82,73,99,6.15,overcast clouds
91,Saint-Philippe,RE,-21.3585,55.7679,72.21,77,0,2.51,clear sky
92,Phon,TH,15.816,102.5998,96.08,41,12,6.35,few clouds
93,Sterlibashevo,RU,53.4376,55.2578,58.28,59,100,15.26,overcast clouds
94,Hithadhoo,MV,-0.6,73.0833,83.61,72,100,5.84,heavy intensity rain
95,Pokhara,NP,28.2333,83.9833,85.21,24,0,5.37,clear sky
96,Tarbes,FR,43.25,0.1667,54.07,94,100,3.44,overcast clouds
97,Touros,BR,-5.1989,-35.4608,77.76,86,49,9.89,scattered clouds
98,Menongue,AO,-14.6585,17.691,60.46,76,35,5.01,scattered clouds
99,Asau,RO,46.4333,26.4,49.95,100,100,2.95,light rain
100,Quelimane,MZ,-17.8786,36.8883,76.95,83,75,10.36,broken clouds
101,Dikson,RU,73.5069,80.5464,18.88,89,68,23.76,broken clouds
102,Upernavik,GL,72.7868,-56.1549,29.35,99,100,4.88,light snow
103,Provideniya,RU,64.3833,-173.3,33.91,80,20,4.47,few clouds
104,Waddan,LY,29.1614,16.139,76.6,15,0,25.59,clear sky
105,Lichinga,MZ,-13.3128,35.2406,57.29,100,75,19.57,broken clouds
106,Soyo,AO,-6.1349,12.3689,77.67,89,99,2.57,light rain
107,Bubaque,GW,11.2833,-15.8333,77.18,72,49,7.14,scattered clouds
108,Muros,ES,42.7762,-9.0603,49.68,95,3,4.97,clear sky
109,Kurchum,KZ,48.5722,83.6542,57.06,38,6,9.04,clear sky
110,Vieira De Leiria,PT,39.8695,-8.9324,56.48,93,20,1.14,few clouds
111,Codrington,AU,-38.2667,141.9667,71.22,61,100,13.87,overcast clouds
112,Baykalovo,RU,57.3981,63.7684,58.21,79,91,12.06,overcast clouds
113,Maningrida,AU,-12.0667,134.2667,89.15,56,90,6.53,overcast clouds
114,Basar,IN,27.9833,94.6667,79.88,47,97,0.67,overcast clouds
115,Laguna,US,38.421,-121.4238,69.78,40,0,16.11,clear sky
116,Kruisfontein,ZA,-34.0033,24.7314,56.17,44,3,7.14,clear sky
117,Kargopol,RU,61.5071,38.9456,22.68,68,11,3.56,few clouds
118,Lanzhou,CN,36.0564,103.7922,57.94,36,1,2.98,clear sky
119,Banda Aceh,ID,5.5577,95.3222,84.63,75,83,8.05,broken clouds
120,Aswan,EG,24.0934,32.907,78.1,18,0,5.75,clear sky
121,Ugoofaaru,MV,5.6667,73.0,84.7,69,76,2.95,moderate rain
122,Dodoma,TZ,-6.1722,35.7395,63.45,96,74,4.9,broken clouds
123,Saint George,US,37.1041,-113.5841,81.19,13,0,11.5,clear sky
124,Bontang,ID,0.1333,117.5,82.81,80,92,3.65,overcast clouds
125,Atuona,PF,-9.8,-139.0333,79.16,76,17,21.63,few clouds
126,Aden,YE,12.7794,45.0367,81.88,79,10,16.2,clear sky
127,Toppenish,US,46.3774,-120.3087,56.82,42,80,5.03,broken clouds
128,Pacific Grove,US,36.6177,-121.9166,61.56,76,40,10.36,scattered clouds
129,Quartucciu,IT,39.2519,9.1794,57.99,68,0,3.44,clear sky
130,Constitucion,CL,-35.3333,-72.4167,50.63,84,35,4.63,scattered clouds
131,Vostok,RU,46.4856,135.8833,41.27,52,61,13.76,broken clouds
132,Saint-Joseph,RE,-21.3667,55.6167,71.2,74,0,1.12,clear sky
133,Atar,MR,20.5169,-13.0499,71.37,25,0,9.22,clear sky
134,Torbay,CA,47.6666,-52.7314,37.27,92,75,2.3,broken clouds
135,Half Moon Bay,US,37.4636,-122.4286,57.9,76,75,33.38,mist
136,Praia Da Vitoria,PT,38.7333,-27.0667,63.75,100,75,25.12,broken clouds
137,Nouakchott,MR,18.0858,-15.9785,69.73,61,1,13.44,clear sky
138,Norman Wells,CA,65.282,-126.8329,35.64,60,75,6.91,broken clouds
139,Mareeba,AU,-17.0,145.4333,84.43,68,60,5.82,broken clouds
140,Kaitangata,NZ,-46.2817,169.8464,57.45,63,63,3.56,broken clouds
141,Narsaq,GL,60.9167,-46.05,41.22,87,100,4.43,light rain
142,Olinda,BR,-8.0089,-34.8553,82.13,69,40,6.91,scattered clouds
143,Tuatapere,NZ,-46.1333,167.6833,56.35,67,53,3.83,broken clouds
144,Ossora,RU,59.2353,163.0719,32.92,99,100,13.82,light snow
145,Krishnarajasagara,IN,12.4089,76.5797,76.93,83,0,5.75,clear sky
146,Birjand,IR,32.8663,59.2211,54.07,71,20,0.0,few clouds
147,Paamiut,GL,61.994,-49.6678,33.78,98,100,19.3,snow
148,Aklavik,CA,68.2191,-135.0107,18.25,87,100,8.9,overcast clouds
149,Hasaki,JP,35.7333,140.8333,61.2,50,100,16.11,light rain
150,Cabo San Lucas,MX,22.8909,-109.9124,85.3,38,0,12.66,clear sky
151,Achacachi,BO,-16.05,-68.6833,43.12,77,8,2.8,clear sky
152,San Quintin,MX,30.4833,-115.95,58.6,82,0,10.94,clear sky
153,Butaritari,KI,3.0707,172.7902,81.5,80,51,14.41,light rain
154,Boffa,GN,10.1667,-14.0333,77.5,89,71,2.66,broken clouds
155,Kamenka,RU,51.3223,42.7678,44.78,83,3,7.16,clear sky
156,Port-Gentil,GA,-0.7193,8.7815,79.79,78,100,5.7,overcast clouds
157,Ayorou,NE,14.7308,0.9174,82.2,19,7,10.98,clear sky
158,Nacala,MZ,-14.5428,40.6728,73.51,89,95,11.68,light rain
159,Ancud,CL,-41.8697,-73.8203,45.39,77,39,10.2,scattered clouds
160,Abu Samrah,SY,35.3029,37.1841,65.46,42,92,3.02,overcast clouds
161,Salinopolis,BR,-0.6136,-47.3561,78.13,87,92,7.29,overcast clouds
162,Rudbar,AF,30.15,62.6,82.56,24,40,3.96,scattered clouds
163,Vagur,FO,61.4732,-6.8119,45.23,73,100,8.52,overcast clouds
164,Bull Savanna,JM,17.8868,-77.5902,72.46,84,54,7.43,broken clouds
165,Grand Gaube,MU,-20.0064,57.6608,73.38,82,3,1.01,moderate rain
166,Baykit,RU,61.67,96.37,39.16,76,100,6.46,overcast clouds
167,Galle,LK,6.0367,80.217,84.9,70,28,1.88,scattered clouds
168,Bela,IN,25.9333,81.9833,100.42,8,0,6.4,clear sky
169,Mandalgovi,MN,45.7625,106.2708,49.44,17,69,10.65,broken clouds
170,Muli,MV,2.9167,73.5667,84.09,73,92,5.57,overcast clouds
171,Sao Joao Da Barra,BR,-21.6403,-41.0511,74.57,87,0,10.18,clear sky
172,Aras,ES,42.5617,-2.356,48.76,100,75,4.61,broken clouds
173,Jardim,BR,-21.4803,-56.1381,74.86,61,31,4.54,scattered clouds
174,Saint Anthony,US,45.0205,-93.218,46.74,47,0,12.66,clear sky
175,Leningradskiy,RU,69.3833,178.4167,28.63,89,100,11.34,overcast clouds
176,Luanda,AO,-8.8368,13.2343,76.64,89,100,7.31,overcast clouds
177,Hambantota,LK,6.1241,81.1185,84.43,73,11,5.41,few clouds
178,Lasa,IT,46.6166,10.7002,43.68,72,0,3.49,clear sky
179,Port Hedland,AU,-20.3167,118.5667,86.05,48,75,5.75,broken clouds
180,Port Lincoln,AU,-34.7333,135.8667,76.23,46,3,14.76,clear sky
181,Lompoc,US,34.6391,-120.4579,57.56,77,0,13.8,clear sky
182,Fortuna,US,40.5982,-124.1573,52.66,76,100,5.01,overcast clouds
183,Mahebourg,MU,-20.4081,57.7,73.26,94,20,5.75,few clouds
184,Te Anau,NZ,-45.4167,167.7167,57.47,65,6,0.76,clear sky
185,Kathmandu,NP,27.7167,85.3167,70.02,73,20,2.3,mist
186,Merauke,ID,-8.4667,140.3333,86.56,64,98,8.79,overcast clouds
187,Nanortalik,GL,60.1432,-45.2371,37.85,94,100,10.09,light rain
188,Fairbanks,US,64.8378,-147.7164,53.56,33,0,12.66,clear sky
189,Algiers,DZ,36.7525,3.042,58.82,88,75,4.61,broken clouds
190,Chiang Rai,TH,19.9167,99.9167,92.01,63,3,5.75,clear sky
191,Bengkulu,ID,-3.8004,102.2655,82.85,72,90,1.99,overcast clouds
192,Kimbe,PG,-5.5502,150.1429,85.82,77,76,5.75,light rain
193,College,US,64.8569,-147.8028,53.55,33,40,12.66,scattered clouds
194,Vila Velha,BR,-20.3297,-40.2925,75.94,90,0,2.3,clear sky
195,Sao Jose Da Coroa Grande,BR,-8.8978,-35.1478,77.79,80,99,4.0,overcast clouds
196,Razdolnoye,RU,43.55,131.9167,57.61,19,100,8.3,overcast clouds
197,Ambulu,ID,-8.345,113.6058,78.96,85,99,2.21,overcast clouds
198,Khatanga,RU,71.9667,102.5,26.78,82,100,16.93,overcast clouds
199,Milkovo,RU,54.7167,158.6167,32.16,92,100,12.84,snow
200,Husavik,IS,66.0449,-17.3389,38.1,87,65,7.4,broken clouds
201,Krasnoselkup,RU,65.7,82.4667,32.81,100,100,7.49,overcast clouds
202,Baherden,TM,38.4362,57.4316,72.66,45,31,2.46,light rain
203,Axim,GH,4.8699,-2.2405,78.3,87,100,3.53,moderate rain
204,Yar-Sale,RU,66.8333,70.8333,17.92,79,84,6.4,broken clouds
205,Caraquet,CA,47.7941,-64.9386,39.74,97,100,14.52,overcast clouds
206,Adelaide,AU,-34.9333,138.6,80.42,49,0,14.97,clear sky
207,Luganville,VU,-15.5333,167.1667,80.01,85,100,10.16,overcast clouds
208,Hovd,MN,48.0056,91.6419,40.89,40,17,1.39,few clouds
209,Cherskiy,RU,68.75,161.3,32.13,100,100,4.0,light snow
210,Nsunga,TZ,-1.1439,31.3947,60.06,97,90,2.26,overcast clouds
211,Urengoy,RU,65.9667,78.3667,24.69,86,55,7.65,broken clouds
212,Karratha,AU,-20.7377,116.8463,79.95,45,100,2.93,overcast clouds
213,Burgeo,CA,47.6167,-57.6152,40.33,86,100,6.17,overcast clouds
214,Iroquois Falls,CA,48.7669,-80.6831,24.4,80,3,7.78,clear sky
215,Souillac,MU,-20.5167,57.5167,70.18,94,20,5.75,few clouds
216,Pangai,TO,-19.8,-174.35,82.51,51,20,16.11,few clouds
217,Sisimiut,GL,66.9395,-53.6735,21.88,95,100,7.63,snow
218,Samana,DO,19.2056,-69.3369,70.68,71,12,7.52,few clouds
219,Geraldton,AU,-28.7667,114.6,70.21,68,76,3.44,broken clouds
220,Pisco,PE,-13.7,-76.2167,66.25,82,100,2.3,overcast clouds
221,Ostrovnoy,RU,68.0531,39.5131,23.38,83,100,23.51,overcast clouds
222,Muntilan,ID,-7.5811,110.2928,80.98,72,98,1.97,overcast clouds
223,Placido De Castro,BR,-10.3353,-67.1856,77.79,77,96,2.57,overcast clouds
224,Bethel,US,41.3712,-73.414,41.54,61,1,4.0,clear sky
225,Pangody,RU,65.85,74.4859,22.48,82,84,4.07,broken clouds
226,Mayo,US,38.8876,-76.5119,48.97,49,0,17.27,clear sky
227,Raymond,US,43.9015,-70.4703,39.61,86,99,15.39,moderate rain
228,Pak Phanang,TH,8.3511,100.202,91.42,68,98,5.26,overcast clouds
229,Huejuquilla El Alto,MX,22.6,-103.8667,63.86,40,6,6.35,clear sky
230,Puerto Ayora,EC,-0.7393,-90.3518,71.69,92,15,4.99,few clouds
231,Biak,ID,-0.9131,122.8766,80.71,78,100,4.12,overcast clouds
232,Oranjemund,NA,-28.55,16.4333,57.45,79,0,3.51,clear sky
233,Dubbo,AU,-32.25,148.6167,68.13,83,100,13.8,light rain
234,Faanui,PF,-16.4833,-151.75,81.82,74,18,20.51,light rain
235,Esperance,AU,-33.8667,121.9,66.04,60,7,24.83,clear sky
236,Mount Gambier,AU,-37.8333,140.7667,71.51,60,69,16.11,broken clouds
237,Kutum,SD,14.2,24.6667,76.44,13,93,5.91,overcast clouds
238,Caravelas,BR,-17.7125,-39.2481,73.71,90,4,3.76,clear sky
239,New Norfolk,AU,-42.7826,147.0587,68.67,82,60,1.99,broken clouds
240,Airai,TL,-8.9266,125.4092,76.21,50,52,1.86,broken clouds
241,La Palma,US,33.8464,-118.0467,69.31,76,20,10.36,few clouds
242,Aktas,KZ,49.7789,72.9608,47.95,37,88,3.71,overcast clouds
243,Saldanha,ZA,-33.0117,17.9442,50.05,72,0,11.7,clear sky
244,Gao,ML,16.6362,1.637,78.04,16,3,13.0,clear sky
245,Akdepe,TM,42.0551,59.3788,68.09,22,100,9.73,overcast clouds
246,Sitka,US,57.0531,-135.33,48.09,61,100,11.5,overcast clouds
247,Port Augusta,AU,-32.5,137.7667,81.45,31,6,19.62,clear sky
248,Jega,NG,12.2175,4.3792,87.06,37,98,9.46,overcast clouds
249,Kloulklubed,PW,7.0419,134.2556,82.9,76,75,19.42,light rain
250,Kavieng,PG,-2.5744,150.7967,86.32,63,99,11.43,overcast clouds
251,Praia,CV,14.9215,-23.5087,68.54,77,40,17.27,scattered clouds
252,Ribeira Grande,PT,38.5167,-28.7,63.91,95,100,28.54,moderate rain
253,Clyde River,CA,70.4692,-68.5914,-0.17,71,0,2.3,clear sky
254,Ixtapa,MX,20.7,-105.2,77.23,79,2,1.01,clear sky
255,Portland,US,45.5234,-122.6762,54.18,71,75,5.01,broken clouds
256,Salinas,US,36.6777,-121.6555,57.81,71,0,19.57,clear sky
257,Petropavlovsk-Kamchatskiy,RU,53.0452,158.6483,37.99,75,75,11.18,light rain
258,Olafsvik,IS,64.8945,-23.7142,43.0,73,53,3.02,broken clouds
259,Verkhoyansk,RU,67.5447,133.385,20.64,76,100,5.79,overcast clouds
260,Rawson,AR,-43.3002,-65.1023,45.36,52,100,18.34,overcast clouds
261,Komsomolskiy,UZ,40.4272,71.7189,63.32,72,72,2.3,broken clouds
262,Iqaluit,CA,63.7506,-68.5145,15.53,78,75,24.16,broken clouds
263,Harper,LR,4.375,-7.7169,79.79,84,71,4.63,broken clouds
264,Miami,US,25.7743,-80.1937,77.02,77,20,5.75,few clouds
265,Hualmay,PE,-11.0964,-77.6139,66.09,90,100,6.89,overcast clouds
266,Alta Floresta,BR,-9.8756,-56.0861,72.77,80,84,3.87,broken clouds
267,Kupang,ID,-10.1667,123.5833,83.93,65,100,2.39,overcast clouds
268,Lanxi,CN,29.2195,119.477,69.04,80,99,3.15,overcast clouds
269,Villa Carlos Paz,AR,-31.4241,-64.4978,56.39,32,0,1.99,clear sky
270,Nyurba,RU,63.2842,118.3319,32.67,66,100,4.36,overcast clouds
271,Leua,SK,48.2156,18.6071,50.5,90,89,5.3,overcast clouds
272,North Bend,US,43.4065,-124.2243,51.93,85,20,8.05,few clouds
273,Dingle,PH,10.9995,122.6711,84.79,72,100,11.18,overcast clouds
274,Boddam,GB,57.4667,-1.7833,33.44,80,5,7.81,clear sky
275,Champerico,GT,14.3,-91.9167,84.74,67,33,6.06,scattered clouds
276,Issoudun,FR,47.0,1.8333,47.05,87,0,5.75,clear sky
277,Matagami,CA,49.7502,-77.6328,24.91,54,0,11.5,clear sky
278,Broken Hill,AU,-31.95,141.4333,67.71,73,75,9.22,broken clouds
279,Dong Hoi,VN,17.4833,106.6,84.99,78,4,7.34,clear sky
280,Vardo,NO,70.3705,31.1107,23.38,77,97,19.42,light snow
281,Rio Gallegos,AR,-51.6226,-69.2181,35.91,63,20,21.21,few clouds
282,Zenzeli,RU,45.9241,47.0474,60.57,63,10,4.34,clear sky
283,Uray,RU,60.1247,64.7758,47.43,91,100,3.76,overcast clouds
284,Nantucket,US,41.2835,-70.0995,51.91,48,0,23.02,clear sky
285,Rocha,UY,-34.4833,-54.3333,51.66,90,0,0.67,clear sky
286,Puerto Escondido,MX,15.85,-97.0667,83.23,65,20,0.0,few clouds
287,Kapoeta,SS,4.7717,33.5903,76.19,66,100,5.1,overcast clouds
288,Zavitinsk,RU,50.1167,129.45,46.71,26,1,14.58,clear sky
289,Worland,US,44.0169,-107.9554,58.6,49,94,14.0,light rain
290,Kletnya,RU,53.3897,33.2171,36.72,87,55,4.68,broken clouds
291,Tura,IN,25.5198,90.2201,86.09,50,0,2.04,clear sky
292,Semnan,IR,35.5729,53.3971,60.64,51,0,2.3,clear sky
293,Chiang Khong,TH,20.2613,100.4046,96.93,33,2,2.73,clear sky
294,Shush,IR,32.1942,48.2436,78.87,35,100,6.11,overcast clouds
295,Katherine,AU,-14.4667,132.2667,91.72,49,40,5.75,scattered clouds
296,Itoman,JP,26.1247,127.6694,83.17,81,40,12.66,scattered clouds
297,Deputatskiy,RU,69.3,139.9,13.62,82,100,3.33,overcast clouds
298,Iracoubo,GF,5.4802,-53.2011,78.21,88,100,6.55,overcast clouds
299,Vero Beach,US,27.6386,-80.3973,77.99,76,0,5.75,clear sky
300,Stanesti,RO,43.9167,25.8333,51.21,84,88,10.36,overcast clouds
301,Alekseyevsk,RU,57.8406,108.3492,37.6,69,15,7.02,few clouds
302,Santa Isabel,BR,-23.3156,-46.2214,70.56,81,7,2.53,clear sky
303,Morondava,MG,-20.2833,44.2833,72.18,68,1,13.94,clear sky
304,Oktyabrskiy,RU,54.4815,53.471,57.33,89,100,15.03,overcast clouds
305,Gidam,IN,18.9833,81.4,93.61,33,40,3.38,scattered clouds
306,Lock Haven,US,41.137,-77.4469,37.29,56,43,10.33,scattered clouds
307,Naron,ES,43.5167,-8.1528,56.01,92,16,3.49,few clouds
308,Lukaya,UG,-0.1489,31.8748,62.15,89,94,3.27,overcast clouds
309,Staritsa,RU,56.5075,34.9354,30.99,80,27,1.57,scattered clouds
310,Muncie,US,40.1934,-85.3864,49.86,61,0,5.75,clear sky
311,Iralaya,HN,15.0,-83.2333,77.83,84,100,9.22,overcast clouds
312,Cleethorpes,GB,53.5605,-0.0323,46.65,71,75,17.27,broken clouds
313,San Carlos Del Zulia,VE,9.0,-71.9135,74.68,95,94,1.92,overcast clouds
314,Vilhena,BR,-12.7406,-60.1458,69.76,74,27,2.93,scattered clouds
315,Dapaong,TG,10.8639,0.205,83.34,51,100,12.59,overcast clouds
316,Tessalit,ML,20.1986,1.0114,72.16,16,0,5.17,clear sky
317,Saskylakh,RU,71.9167,114.0833,16.07,89,53,6.96,broken clouds
318,Maroantsetra,MG,-15.4333,49.7333,72.82,85,15,2.59,few clouds
319,Khandyga,RU,62.6667,135.6,30.15,69,11,4.63,few clouds
320,Oistins,BB,13.0667,-59.5333,75.29,94,75,12.66,broken clouds
321,Ruteng,ID,-8.6136,120.4721,76.03,56,57,0.58,broken clouds
322,Naze,JP,28.3667,129.4833,74.32,85,98,5.84,light rain
323,Port Hardy,CA,50.6996,-127.4199,46.58,76,75,9.22,broken clouds
324,Yellapur,IN,14.9667,74.7167,81.81,71,74,4.25,broken clouds
325,Otradnoye,RU,59.7775,30.8181,33.04,70,44,4.41,scattered clouds
326,Ordubad,AZ,38.9059,46.0234,61.59,66,10,4.74,clear sky
327,Truro,GB,50.2653,-5.0544,45.68,76,75,3.44,broken clouds
328,Cap Malheureux,MU,-19.9842,57.6142,73.47,82,4,4.54,moderate rain
329,Fort Nelson,CA,58.8053,-122.7002,33.39,93,100,11.5,overcast clouds
330,Palana,RU,59.1167,159.9667,35.1,72,55,20.18,broken clouds
331,Cajuru,BR,-21.2753,-47.3042,64.74,75,3,4.74,clear sky
332,Taltal,CL,-25.4,-70.4833,65.48,65,1,1.43,clear sky
333,Waingapu,ID,-9.6567,120.2641,83.7,63,87,4.79,overcast clouds
334,Agucadoura,PT,41.4318,-8.7804,55.24,91,5,4.65,clear sky
335,Marovoay,MG,-16.1,46.6333,72.9,89,62,4.16,broken clouds
336,Kermen,BG,42.5,26.25,49.82,87,20,4.61,few clouds
337,Ormara,PK,25.2088,64.6357,83.44,77,3,10.71,clear sky
338,Belyy Yar,RU,53.6039,91.3903,48.85,52,0,4.47,clear sky
339,Leh,IN,34.1667,77.5833,44.51,49,0,4.52,clear sky
340,Mantua,IT,45.1667,10.7833,54.64,82,0,3.0,clear sky
341,Gamba,GA,-2.65,10.0,74.79,90,94,4.34,overcast clouds
342,Esmeraldas,BR,-19.7625,-44.3139,67.06,83,0,4.74,clear sky
343,Talnakh,RU,69.4865,88.3972,27.21,100,100,6.58,snow
344,Washougal,US,45.5826,-122.3534,54.03,73,75,4.61,broken clouds
345,Sterling,US,39.0062,-77.4286,47.19,52,20,18.41,few clouds
346,Rockland,US,41.1668,-74.0496,43.03,53,5,5.99,clear sky
347,Maarianhamina,AX,60.0973,19.9348,30.06,86,0,4.61,clear sky
348,Santiago,CL,-33.4569,-70.6483,55.85,78,40,3.44,scattered clouds
349,Chara,RU,56.9064,118.2631,32.76,49,92,4.07,overcast clouds
350,Qasigiannguit,GL,68.8193,-51.1922,32.25,84,100,9.33,overcast clouds
351,Bambous Virieux,MU,-20.3428,57.7575,73.22,94,20,5.75,few clouds
352,Makaha,US,21.4694,-158.2175,82.31,61,75,6.91,light rain
353,Namibe,AO,-15.1961,12.1522,72.64,74,46,3.33,scattered clouds
354,Yulara,AU,-25.2406,130.9889,84.04,23,100,5.75,overcast clouds
355,Santa Vitoria Do Palmar,BR,-33.5189,-53.3681,57.87,91,0,4.85,clear sky
356,Umm Lajj,SA,25.0213,37.2685,76.93,75,0,2.33,clear sky
357,Olga,RU,43.7444,135.2892,54.84,27,100,7.34,overcast clouds
358,Iquique,CL,-20.2208,-70.1431,60.84,81,97,1.86,overcast clouds
359,Ayan,RU,56.45,138.1667,36.72,61,100,15.77,overcast clouds
360,Baft,IR,29.234,56.6057,57.81,37,1,2.04,clear sky
361,Faya,SA,18.3851,42.4509,55.51,46,0,4.03,clear sky
362,Shimoda,JP,34.6667,138.95,62.1,62,100,19.86,heavy intensity rain
363,Chernyshevsk,RU,52.5243,117.0174,44.8,34,100,15.32,overcast clouds
364,Dudinka,RU,69.4058,86.1778,27.63,91,83,10.94,broken clouds
365,Denpasar,ID,-8.65,115.2167,83.86,74,20,4.61,few clouds
366,Buala,SB,-8.145,159.5921,85.46,68,21,3.29,moderate rain
367,Salta,AR,-24.7859,-65.4117,62.58,84,40,3.44,scattered clouds
368,Jinxiang,CN,27.4327,120.6062,66.42,80,82,4.41,broken clouds
369,Carnot,CF,4.9409,15.8665,68.9,97,100,1.61,overcast clouds
370,Durres,AL,41.3231,19.4414,48.38,82,8,0.65,clear sky
371,Urambo,TZ,-5.0667,32.05,62.53,96,44,4.54,scattered clouds
372,Livingston,GB,55.9029,-3.5226,35.85,94,0,2.3,clear sky
373,Yumen,CN,40.2833,97.2,56.91,32,100,10.74,overcast clouds
374,Zabol,AF,32.25,67.25,72.39,17,100,2.48,overcast clouds
375,Lalsot,IN,26.5667,76.3333,96.24,12,0,13.15,clear sky
376,Tucuman,AR,-26.8241,-65.2226,57.2,88,75,3.44,broken clouds
377,Kivsharivka,UA,49.6213,37.7036,45.9,88,7,4.72,clear sky
378,Mezen,RU,65.8522,44.24,18.66,82,14,7.63,few clouds
379,Soe,ID,-9.8607,124.284,80.71,54,86,3.65,overcast clouds
380,Nome,US,64.5011,-165.4064,37.17,80,40,5.75,scattered clouds
381,Poum,NC,-20.2333,164.0167,75.31,77,100,21.3,light rain
382,San Clemente,US,33.427,-117.612,61.41,80,49,11.99,scattered clouds
383,Vazante,BR,-17.9869,-46.9078,65.43,67,0,3.04,clear sky
384,Seabra,BR,-12.4186,-41.7703,65.82,96,86,3.53,overcast clouds
385,Kieta,PG,-6.2167,155.6333,85.64,66,12,4.41,light rain
386,Kununurra,AU,-15.7667,128.7333,93.18,43,95,8.05,overcast clouds
387,Fort-Shevchenko,KZ,44.5086,50.263,66.02,44,93,7.45,overcast clouds
388,Marabba,SD,12.35,32.1833,84.56,11,39,6.82,scattered clouds
389,Ivanovka,KG,42.8878,75.085,62.08,45,0,7.38,clear sky
390,Kincardine,GB,56.0667,-3.7167,37.56,82,11,0.47,few clouds
391,Qaqortoq,GL,60.7167,-46.0333,39.76,90,100,8.01,light rain
392,Newport,GB,51.5877,-2.9984,43.34,73,96,10.49,overcast clouds
393,Zeya,RU,53.75,127.2667,45.86,23,45,7.36,scattered clouds
394,Roald,NO,62.5833,6.1333,42.33,75,100,8.05,overcast clouds
395,Yarada,IN,17.65,83.2667,88.12,70,20,11.5,few clouds
396,Ambalavao,MG,-21.8333,46.9333,58.08,95,91,5.1,overcast clouds
397,Date,JP,42.4681,140.8681,50.67,38,36,18.12,scattered clouds
398,Batagay,RU,67.6333,134.6333,19.24,80,100,5.39,overcast clouds
399,Qui Nhon,VN,13.7667,109.2333,84.58,71,84,7.29,broken clouds
400,Yuli,NG,9.6989,10.2744,78.13,76,100,9.26,overcast clouds
401,Nelson Bay,AU,-32.7167,152.15,78.85,83,87,8.01,overcast clouds
402,Wajir,KE,1.7471,40.0573,74.25,91,100,6.93,moderate rain
403,Gavle,SE,60.6745,17.1417,34.36,53,100,1.99,overcast clouds
404,Ushtobe,KZ,45.2514,77.9838,61.29,27,5,3.96,clear sky
405,Batavia,US,41.85,-88.3126,37.2,74,75,16.11,broken clouds
406,Tutoia,BR,-2.7619,-42.2744,76.44,90,98,5.48,overcast clouds
407,San Jose,US,37.3394,-121.895,58.28,58,0,11.5,clear sky
408,Sungaipenuh,ID,-2.0833,101.3833,76.3,70,100,3.87,overcast clouds
409,Pundaguitan,PH,6.3711,126.1689,80.55,76,95,2.19,overcast clouds
410,Mao,ES,39.8885,4.2658,55.96,100,0,6.91,clear sky
411,Nongan,CN,44.382,125.1685,60.39,12,62,9.51,broken clouds
412,Kirkwall,GB,58.9848,-2.9587,39.25,93,67,4.61,broken clouds
413,Tupik,RU,54.4253,119.9327,45.12,25,100,0.51,overcast clouds
414,Richards Bay,ZA,-28.783,32.0377,61.95,82,50,5.95,scattered clouds
415,La Ronge,CA,55.1001,-105.2842,39.42,65,75,10.36,broken clouds
416,Fare,PF,-16.7,-151.0167,81.41,74,4,21.56,light rain
417,Kumla,SE,59.1277,15.1434,36.68,84,22,6.91,few clouds
418,Vrangel,RU,42.7297,133.0839,49.6,49,100,10.27,overcast clouds
419,Oranjestad,AW,12.524,-70.027,80.55,74,20,17.27,few clouds
420,Kidal,ML,18.4411,1.4078,74.95,15,1,10.54,clear sky
421,Senanga,ZM,-16.1167,23.2667,63.48,80,37,6.17,scattered clouds
422,Xai-Xai,MZ,-25.0519,33.6442,66.49,81,83,3.96,light rain
423,Anori,BR,-3.7728,-61.6442,73.62,97,100,2.37,overcast clouds
424,Inhambane,MZ,-23.865,35.3833,68.59,71,41,9.17,scattered clouds
425,Dicabisagan,PH,17.0818,122.4157,86.47,67,16,7.52,few clouds
426,Felanitx,ES,39.4696,3.1483,57.0,69,100,5.68,overcast clouds
427,Krasne,UA,49.9145,24.6134,44.58,82,98,5.86,overcast clouds
428,Dali,CN,25.7,100.1833,72.88,28,0,4.76,clear sky
429,Meulaboh,ID,4.1363,96.1285,83.61,75,88,0.85,overcast clouds
430,Caconda,AO,-13.7333,15.0667,57.69,77,35,4.65,scattered clouds
431,Salisbury,GB,51.0693,-1.7957,43.09,82,100,6.91,overcast clouds
432,Kondinskoye,RU,59.6481,67.41,46.49,94,99,1.83,overcast clouds
433,Minab,IR,27.1467,57.0801,77.32,44,20,2.3,haze
434,Trat,TH,12.5,102.5,89.8,67,79,3.47,broken clouds
435,Evensk,RU,61.95,159.2333,35.91,93,100,26.96,overcast clouds
436,Karera,IN,25.4667,78.15,98.22,12,1,6.02,clear sky
437,Skjervoy,NO,70.0311,20.9714,24.8,60,100,24.05,light snow
438,Darnah,LY,32.767,22.6367,60.71,65,1,3.09,clear sky
439,Kargasok,RU,59.0556,80.8572,53.49,66,100,14.88,overcast clouds
440,Manokwari,ID,-0.8667,134.0833,84.11,68,93,5.68,heavy intensity rain
441,San Francisco,US,37.7749,-122.4194,58.28,74,75,33.38,broken clouds
442,Milove,UA,49.3787,40.1302,45.93,80,4,6.38,clear sky
443,Cidreira,BR,-30.1811,-50.2056,70.65,95,11,1.12,few clouds
444,Bud,US,39.447,-86.1758,51.82,67,89,8.93,overcast clouds
445,Dunedin,NZ,-45.8742,170.5036,60.8,55,61,4.0,broken clouds
446,Saint-Francois,FR,46.4154,3.9054,41.68,100,0,2.3,clear sky
447,Kahului,US,20.8947,-156.47,82.42,64,40,19.57,scattered clouds
448,Ternovskaya,RU,45.8542,40.4086,53.17,84,62,7.16,broken clouds
449,Winnipeg,CA,49.8844,-97.147,42.78,47,75,10.36,broken clouds
450,Flin Flon,CA,54.7682,-101.865,32.07,88,81,9.89,broken clouds
451,Sulphur Springs,US,33.1385,-95.6011,66.15,52,0,6.91,clear sky
452,Laela,TZ,-8.5667,32.05,59.59,94,97,6.51,overcast clouds
453,Markova,UA,48.6758,24.4138,45.25,95,100,2.13,overcast clouds
454,Yerbogachen,RU,61.2767,108.0108,37.74,58,59,4.9,broken clouds
455,Safaga,EG,26.7292,33.9365,74.59,44,0,8.93,clear sky
456,Doha,QA,25.2867,51.5333,80.58,66,0,8.05,clear sky
457,Canico,PT,32.6333,-16.85,61.43,79,40,9.22,scattered clouds
458,Igarka,RU,67.4667,86.5833,32.88,100,100,5.7,light snow
459,Kashi,CN,39.4547,75.9797,63.61,15,0,4.47,clear sky
460,Harwich,GB,51.9419,1.2844,45.57,75,33,4.0,scattered clouds
461,Brae,GB,60.3964,-1.353,43.45,69,100,6.22,overcast clouds
462,Taywarah,AF,33.35,64.4167,58.42,33,62,2.62,broken clouds
463,Varkaus,FI,62.3153,27.873,22.3,72,38,3.47,scattered clouds
464,Odweyne,SO,9.4092,45.064,75.33,55,100,14.76,overcast clouds
465,Cacu,BR,-18.5567,-51.1308,74.5,52,73,2.91,broken clouds
466,Samalkha,IN,29.2333,77.0167,96.73,10,0,6.51,clear sky
467,Beringovskiy,RU,63.05,179.3167,31.77,98,100,6.6,light snow
468,Burley,US,42.5357,-113.7928,57.16,40,0,11.5,clear sky
469,Khorinsk,RU,52.1657,109.7726,41.02,34,14,17.94,few clouds
470,Hornepayne,CA,49.2138,-84.7705,20.25,95,14,2.01,few clouds
471,Haifa,IL,32.8156,34.9892,60.17,88,0,2.8,clear sky
472,Madona,LV,56.8533,26.217,28.71,67,60,3.74,broken clouds
473,Saint-Augustin,CA,51.226,-58.6502,34.18,99,100,7.58,snow
474,Rioblanco,CO,3.5308,-75.6806,61.18,90,78,4.56,broken clouds
475,Novikovo,RU,51.1537,37.8879,44.53,88,10,4.23,clear sky
476,Millinocket,US,45.6573,-68.7098,41.11,81,100,17.27,overcast clouds
477,Mapiripan,CO,2.8892,-72.1256,72.46,97,85,2.77,overcast clouds
478,Posse,BR,-14.0931,-46.3694,67.53,55,3,5.86,clear sky
479,Candido Mendes,BR,-1.4467,-45.7167,74.12,96,95,2.44,overcast clouds
480,Laizhou,CN,37.1717,119.9214,56.55,50,100,19.06,overcast clouds
481,Aykhal,RU,66.0,111.5,27.68,83,72,13.51,broken clouds
482,Pokrovsk,UA,48.282,37.1758,46.31,86,11,6.04,few clouds
483,Ewo,CG,-0.8725,14.8206,71.85,94,77,2.73,broken clouds
484,Flinders,AU,-34.5833,150.8552,72.18,85,61,8.01,light rain
485,Tommot,RU,58.9564,126.2925,32.11,57,100,7.45,overcast clouds
486,La Primavera,CO,5.4906,-70.4092,73.85,93,100,3.24,overcast clouds
487,Qujing,CN,25.4833,103.7833,76.57,22,0,12.66,clear sky
488,Mwinilunga,ZM,-11.7358,24.4293,59.49,84,60,6.85,broken clouds
489,Kaseda,JP,31.4167,130.3167,73.08,77,81,6.44,broken clouds
490,Areosa,PT,41.7178,-8.8571,51.8,90,1,4.63,clear sky
491,Berlevag,NO,70.8578,29.0864,23.0,61,100,30.53,light snow
492,Omboue,GA,-1.5746,9.2618,75.27,93,92,5.1,light rain
493,Isangel,VU,-19.55,169.2667,78.89,75,100,16.46,overcast clouds
494,Bourail,NC,-21.5667,165.4833,76.82,63,100,6.4,overcast clouds
495,Maragogi,BR,-9.0122,-35.2225,77.5,82,98,3.24,overcast clouds
496,Ahipara,NZ,-35.1667,173.1667,61.9,81,81,6.13,broken clouds
497,Anadyr,RU,64.75,177.4833,32.5,86,75,20.13,broken clouds
498,Isilkul,RU,54.9109,71.2728,63.14,58,92,15.05,overcast clouds
499,Mundargi,IN,15.2167,75.9,86.11,55,37,10.71,scattered clouds
500,Nyazepetrovsk,RU,56.0531,59.6028,57.52,66,100,13.8,overcast clouds
501,Ahuimanu,US,21.4447,-157.8378,82.11,72,100,11.5,overcast clouds
502,Massaguet,TD,12.4755,15.4365,87.98,38,100,12.95,overcast clouds
503,Ponta Delgada,PT,37.7333,-25.6667,67.5,94,75,17.27,broken clouds
504,Barcelos,PT,41.5388,-8.6151,54.84,95,3,3.29,clear sky
505,Greenville,US,35.6127,-77.3663,62.13,34,0,5.75,clear sky
506,Papara,BR,-3.9839,-38.7273,79.2,93,91,2.64,overcast clouds
507,San Patricio,US,28.017,-97.5169,75.83,83,26,9.13,scattered clouds
508,Bathsheba,BB,13.2167,-59.5167,75.81,94,75,12.66,broken clouds
509,Burriana,ES,39.889,-0.085,58.66,94,100,2.53,overcast clouds
510,Marienburg,PL,54.0359,19.0266,42.12,81,98,5.82,overcast clouds
511,Coria,ES,39.9879,-6.5377,49.44,87,6,2.93,clear sky
512,Lahij,YE,13.1667,44.5833,74.44,82,10,4.14,clear sky
513,Tabas,IR,33.5959,56.9244,68.22,45,0,4.61,clear sky
514,Pokrovskoye,RU,47.4157,38.8971,51.03,82,0,7.07,clear sky
515,Lydenburg,ZA,-25.0978,30.4597,45.19,95,5,0.92,clear sky
516,Lao Cai,VN,22.4833,103.95,92.41,51,17,3.65,few clouds
517,Visnes,NO,59.3556,5.2242,42.85,70,63,14.97,broken clouds
518,Vanavara,RU,60.34,102.2797,40.14,60,99,6.13,overcast clouds
519,Upington,ZA,-28.4478,21.2561,55.78,67,0,8.05,clear sky
520,Sol-Iletsk,RU,51.1631,54.9918,58.77,58,99,13.31,overcast clouds
521,Ilulissat,GL,69.2167,-51.1,35.49,81,100,8.16,overcast clouds
522,Knysna,ZA,-34.0363,23.0471,60.12,39,0,4.05,clear sky
523,Sinegorskiy,RU,48.0139,40.8447,50.9,85,0,7.58,clear sky
524,Udachnyy,RU,66.4167,112.4,29.55,90,84,9.35,broken clouds
525,Craig,US,40.5153,-107.5464,58.62,30,0,9.22,clear sky
526,Zorritos,PE,-3.6805,-80.6782,75.49,82,83,4.99,broken clouds
527,Sumbe,AO,-11.2061,13.8437,75.81,90,80,8.57,light rain
528,Agadez,NE,19.75,10.25,78.19,11,0,9.57,clear sky
529,Namatanai,PG,-3.6667,152.4333,86.36,62,75,8.21,broken clouds
530,Fatehpur,IN,25.9333,80.8,101.43,8,0,6.35,clear sky
531,Camacupa,AO,-12.0167,17.4833,58.15,84,9,3.47,clear sky
532,Mackay,AU,-21.15,149.2,80.69,73,100,18.41,overcast clouds
533,Timmins,CA,48.4669,-81.3331,28.22,37,0,6.91,clear sky
534,Andra,RU,62.5147,65.8878,35.83,90,99,2.13,overcast clouds
535,Enshi,CN,30.3,109.4833,67.06,99,100,2.17,overcast clouds
536,Troitsko-Pechorsk,RU,62.7084,56.1964,27.03,82,100,11.32,overcast clouds
537,Nemuro,JP,43.3236,145.575,42.67,62,65,14.63,broken clouds
538,Grand-Santi,GF,4.25,-54.3833,73.92,97,100,2.33,light rain
539,Yinchuan,CN,38.4681,106.2731,56.97,38,0,6.49,clear sky
540,Mbamba,NG,9.9833,13.1,77.14,63,98,1.03,overcast clouds
541,Rudiskes,LT,54.5167,24.8333,33.03,72,73,4.43,broken clouds
542,Chak Azam Sahu,PK,30.75,73.0333,97.88,10,0,5.03,clear sky
543,Okhotsk,RU,59.3833,143.3,33.85,54,100,15.95,overcast clouds
544,Warrnambool,AU,-38.3833,142.4833,67.8,68,100,10.54,light rain
545,Havre-Saint-Pierre,CA,50.2334,-63.5986,35.96,100,100,5.75,overcast clouds
546,Luderitz,NA,-26.6481,15.1594,63.27,57,0,5.7,clear sky
547,Lata,PT,40.1629,-8.3327,53.08,99,29,1.52,scattered clouds
548,Khani,GE,41.9563,42.9566,38.77,77,96,2.1,overcast clouds
549,Catalina Foothills,US,32.2979,-110.9187,84.29,10,0,12.66,clear sky
550,Pochutla,MX,15.7432,-96.4661,82.81,72,42,3.18,scattered clouds
551,Opuwo,NA,-18.0607,13.84,67.42,42,49,3.76,scattered clouds
552,Altamont,US,42.2068,-121.7372,53.44,43,0,9.22,clear sky
553,Benguela,AO,-12.5763,13.4055,75.22,81,14,3.91,few clouds
554,Winona,US,43.9666,-91.7668,40.93,52,0,10.36,clear sky
555,Koungou,YT,-12.7336,45.2042,82.11,78,75,18.41,light rain
556,Talavera,PH,15.6167,120.9333,94.86,43,88,10.49,overcast clouds
557,Bahia De Caraquez,EC,-0.6,-80.4167,78.98,85,98,6.38,overcast clouds
558,Piacabucu,BR,-10.4056,-36.4344,76.06,85,97,1.63,overcast clouds
559,Dodge City,US,37.7528,-100.0171,64.69,82,75,26.46,broken clouds
560,Sao Filipe,CV,14.8961,-24.4956,71.28,70,4,10.38,clear sky
561,Waipawa,NZ,-41.4122,175.5153,54.61,63,43,5.3,scattered clouds
562,Mahibadhoo,MV,3.7833,72.9667,84.49,71,5,6.04,clear sky
563,Vila Franca Do Campo,PT,37.7167,-25.4333,67.19,94,100,19.57,overcast clouds
564,Belmonte,BR,-15.8631,-38.8828,75.96,86,9,8.25,clear sky
565,Vitim,RU,59.4511,112.5578,38.98,53,13,8.61,few clouds
566,Imbituba,BR,-28.24,-48.6703,74.86,86,56,10.13,broken clouds
567,Havelock,US,34.8791,-76.9013,63.93,65,0,5.75,clear sky
568,Sorrento,IT,40.626,14.3744,62.65,76,32,1.01,scattered clouds
569,Eydhafushi,MV,5.1033,73.0708,84.65,69,44,4.32,light rain
570,Zar,AM,40.2588,44.732,44.62,62,74,4.54,broken clouds
571,Kalaleh,IR,37.3807,55.4916,58.6,94,20,0.0,few clouds
572,Ust-Nera,RU,64.5667,143.2,22.3,72,100,5.75,overcast clouds
573,Voi,KE,-3.3945,38.563,70.27,91,68,5.26,broken clouds
574,Labuhan,ID,-6.8844,112.2051,80.87,81,100,3.67,overcast clouds
575,Quatre Cocos,MU,-20.2078,57.7625,73.09,80,1,2.84,clear sky
576,Den Helder,NL,52.9599,4.7593,48.18,68,100,10.0,overcast clouds
577,Basco,PH,20.4487,121.9702,82.71,82,18,16.71,few clouds
578,Vidim,RU,56.4088,103.1106,40.75,57,13,2.51,few clouds
579,Turukhansk,RU,65.8167,87.9833,33.13,98,100,12.66,overcast clouds
580,Domoni,KM,-12.2569,44.5319,79.99,83,99,10.49,overcast clouds
581,Christiana,ZA,-27.914,25.1611,51.8,61,2,8.43,clear sky
582,Aragats,AM,40.4889,44.3528,40.57,73,21,2.91,few clouds
583,Labytnangi,RU,66.6572,66.4183,21.31,86,96,5.19,overcast clouds
584,Belaya Gora,RU,68.5333,146.4167,19.63,82,100,6.6,overcast clouds
585,Nadvoitsy,RU,63.8667,34.3167,25.05,80,100,5.64,overcast clouds
586,The Valley,AI,18.217,-63.0578,76.82,61,34,13.56,scattered clouds
587,Lorengau,PG,-2.0226,147.2712,86.31,69,85,9.78,overcast clouds
588,Nizwa,OM,22.9333,57.5333,82.72,41,0,1.79,clear sky
589,Moundsville,US,39.9203,-80.7431,37.24,73,5,5.59,clear sky
590,Asyut,EG,27.181,31.1837,71.78,24,0,4.65,clear sky
591,Phalodi,IN,27.1333,72.3667,92.34,19,0,10.85,clear sky
592,Freeport,US,40.6576,-73.5832,45.01,49,0,16.11,clear sky
593,San Vicente,AR,-26.6167,-54.1333,72.64,72,19,6.29,few clouds
594,Solnechnyy,RU,50.7214,136.6319,35.71,83,43,11.07,scattered clouds
595,Olginskaya,RU,47.1879,39.9492,54.93,63,0,6.71,clear sky
596,Porangatu,BR,-13.4408,-49.1486,69.37,74,21,2.59,few clouds
597,Beyneu,KZ,45.3167,55.2,65.8,35,42,12.66,scattered clouds
598,Salalah,OM,17.0151,54.0924,80.04,81,36,2.46,scattered clouds
599,Abeche,TD,13.8292,20.8324,83.5,45,100,8.08,overcast clouds
600,Peleduy,RU,59.6289,112.7406,38.79,54,12,7.99,few clouds
601,Estacion Coahuila,MX,32.1939,-115.0017,79.48,23,0,16.35,clear sky
602,Mayumba,GA,-3.432,10.6554,76.42,90,93,4.34,overcast clouds
603,Baran,IN,25.1,76.5167,96.15,12,2,12.88,clear sky
604,Leninsk-Kuznetskiy,RU,54.6567,86.1737,55.38,44,12,7.72,few clouds
605,Sinegorye,RU,62.0788,150.477,19.27,88,100,9.62,light snow
606,Rock Falls,US,41.7798,-89.689,39.2,68,100,20.71,overcast clouds
607,Guerrero Negro,MX,27.9769,-114.0611,60.51,84,0,16.73,clear sky
608,Pangnirtung,CA,66.1451,-65.7125,3.15,73,75,10.22,broken clouds
609,Guilin,CN,25.2819,110.2864,82.51,78,90,8.23,overcast clouds
610,Vorontsovka,RU,50.6132,40.3549,45.66,82,6,3.49,clear sky
611,Springbok,ZA,-29.6643,17.8865,60.46,34,0,5.88,clear sky
612,Bella Union,UY,-30.2752,-57.6007,65.52,96,79,5.14,broken clouds
613,Bima,ID,-8.4667,118.7167,87.48,58,10,3.62,clear sky
614,Sambava,MG,-14.2667,50.1667,72.48,88,41,3.65,scattered clouds
615,Santa Rosa,PH,14.3122,121.1114,93.11,66,100,16.82,overcast clouds
616,Bonthe,SL,7.5264,-12.505,79.9,84,100,4.63,overcast clouds
617,Zeerust,ZA,-25.5369,26.0751,51.44,94,5,5.06,clear sky
618,Paramonga,PE,-10.6667,-77.8333,66.83,88,100,7.27,overcast clouds
619,Hobyo,SO,5.3505,48.5268,83.19,74,47,6.49,scattered clouds
620,Abnub,EG,27.2696,31.1511,71.82,25,0,4.41,clear sky
621,Mitu,CO,1.1983,-70.1733,71.19,98,71,1.86,light rain
622,Kilakarai,IN,9.2333,78.7833,86.68,67,42,7.18,moderate rain
623,Hami,CN,42.8,93.45,64.74,16,100,12.26,overcast clouds
624,Warri,NG,5.5167,5.75,72.77,96,100,4.14,light rain
625,Darhan,MN,49.4867,105.9228,41.92,29,99,11.99,overcast clouds
626,Keita,NE,14.7551,5.7749,81.55,18,100,5.73,overcast clouds
627,Caxito,AO,-8.5785,13.6643,73.92,98,97,3.2,overcast clouds
628,Deori,IN,21.45,82.6167,100.02,11,0,1.19,clear sky
629,Hokitika,NZ,-42.7167,170.9667,62.51,70,57,5.59,broken clouds
630,Kenai,US,60.5544,-151.2583,53.02,46,0,11.5,clear sky
631,Atikokan,CA,48.7555,-91.6216,24.01,96,9,4.32,clear sky
632,Walvis Bay,NA,-22.9575,14.5053,61.75,67,2,4.61,clear sky
633,Kuragino,RU,53.8975,92.6725,50.54,51,93,4.34,overcast clouds
634,Shitanjing,CN,39.2342,106.3439,54.27,33,0,4.14,clear sky
635,Maunabo,PR,18.0072,-65.8993,75.02,78,1,9.69,clear sky
636,Zigong,CN,29.3416,104.7769,67.82,68,100,6.58,overcast clouds
637,Kilindoni,TZ,-7.9139,39.6668,80.28,80,100,19.01,moderate rain
638,Mitsamiouli,KM,-11.3847,43.2844,80.73,77,100,12.06,overcast clouds
639,Stockerau,AT,48.383,16.1996,47.21,84,13,5.99,few clouds
640,Wolfsburg,DE,52.4333,10.8,42.39,93,17,4.41,few clouds
641,Dukat,RU,62.55,155.55,24.06,89,100,9.82,overcast clouds
642,Korla,CN,41.7597,86.1469,52.5,57,100,21.9,overcast clouds
643,Montes Altos,BR,-5.8333,-47.0667,73.47,85,100,2.95,overcast clouds
644,Badami,IN,15.915,75.6768,89.92,43,33,9.48,scattered clouds
645,Ijuin,JP,31.6167,130.4,73.51,70,95,3.76,overcast clouds
646,Rongcheng,CN,30.634,117.8517,66.6,80,97,3.56,overcast clouds
647,Gouyave,GD,12.1646,-61.7296,77.77,89,40,0.0,scattered clouds
648,Skelleftea,SE,64.7507,20.9528,25.16,74,84,4.61,broken clouds
649,Nishihara,JP,26.1842,127.7558,83.86,83,75,13.8,broken clouds
650,Vihti,FI,60.417,24.3197,30.78,73,0,4.0,clear sky
651,Iquitos,PE,-3.7481,-73.2472,77.04,94,40,3.44,moderate rain
652,Kuvshinovo,RU,57.0295,34.1725,29.64,78,48,2.01,scattered clouds
653,Shingu,JP,33.7333,135.9833,63.88,87,100,10.29,overcast clouds
654,Vanimo,PG,-2.6741,141.3028,86.47,66,98,6.85,overcast clouds
655,Fershampenuaz,RU,53.5202,59.8117,58.08,51,100,15.86,overcast clouds
656,Aasiaat,GL,68.7098,-52.8699,24.4,93,100,11.07,overcast clouds
657,Risor,NO,58.7206,9.2342,36.28,77,35,4.32,scattered clouds
658,Mach,PK,29.8637,67.3298,87.89,12,32,2.77,scattered clouds
659,Mortka,RU,59.3322,66.0214,49.69,90,100,3.06,overcast clouds
660,Gasa,PS,31.5,34.4667,60.87,79,0,3.96,clear sky
661,Manaure,CO,11.7751,-72.4445,79.68,72,99,16.53,overcast clouds
662,Berettyoujfalu,HU,47.2167,21.55,51.94,93,100,8.48,light rain
663,Fernie,CA,49.5,-115.0687,44.69,89,60,2.55,broken clouds
664,Port Pirie,AU,-33.1833,138.0167,77.09,39,49,17.07,scattered clouds
665,Zyryanka,RU,65.75,150.85,24.21,79,100,12.53,overcast clouds
666,Mecca,SA,21.4267,39.8261,80.74,47,60,8.1,light rain
667,Karaidel,RU,55.8337,56.9069,55.06,81,100,16.78,light rain
668,Camana,PE,-16.6228,-72.7111,66.79,88,59,7.52,broken clouds
669,Edd,ER,13.9297,41.6925,86.76,59,22,17.02,few clouds
670,Nikki,BJ,9.9401,3.2108,76.89,73,98,11.01,overcast clouds
671,La Union,PE,-5.4,-80.75,71.06,70,99,14.45,overcast clouds
